id;nom;url;ordre;principale;immobilier_id
1;plus;https://simple-police.net;30857;false;1
2;antagoniste;https://habile-collegue.net/;8149;false;2
3;patientèle si;https://brusque-direction.fr/;2653;true;3
4;violer tsoin-tsoin incognito;https://insipide-chef.info/;14431;true;4
5;touriste;https://pourpre-electorat.fr/;25174;false;5
6;émérite prestataire de services depuis;https://immense-specialiste.eu;12324;true;6
7;de façon à ce que électorat;https://rectangulaire-cadre.fr;21581;true;7
8;assurément;https://circulaire-membre-de-lequipe.info;27635;true;8
9;administration;https://solitaire-secours.net;4867;true;9
10;dorénavant trembler;https://fidele-gestionnaire.org/;31854;false;10
11;vérifier;https://marron-personnel-professionnel.fr;17290;false;11
12;bon sauvage;https://dense-dietetiste.org;28239;true;12
13;photographier oups ensuite;https://acre-guide.com;27077;false;13
14;bien;https://egoiste-gens.name/;9263;false;14
15;toujours;https://jeune-porte-parole.fr;1191;true;15
16;minuscule fouiller;https://candide-dietetiste.com/;26654;true;16
17;secours touchant main-d’œuvre;https://vetuste-biathlete.eu;18263;false;17
18;probablement;https://emerite-chef.net/;20963;false;18
19;simplifier;https://efficace-guide.eu/;15603;false;19
20;du fait que ouf;https://immense-conseil-municipal.com/;3102;true;20
21;pour que;https://tendre-cadre.eu/;26292;false;21
22;sus en face de;https://marron-triathlete.org/;29472;true;22
23;adresser personnel;https://souple-collegue.name;30214;true;23
24;malgré proche;https://minuscule-adversaire.name/;12535;true;24
25;prestataire de services;https://splendide-partenaire.name/;16051;false;25
26;afin de propre racheter;https://cyan-equipe.info;21519;true;26
27;gigantesque;https://splendide-redaction.net/;25577;true;27
28;svelte concurrence après;https://lunatique-athlete.com;12145;true;28
29;publier;https://fidele-direction.fr;32374;false;29
30;diplomate pin-pon;https://coupable-adversaire.net/;28457;true;30
