id;date_heure;date_reportee;lieu;contenu;motif;statut;annonce_id;demandeur_id
1;2023-12-15T17:07:02;2023-12-15T15:57:16;entre;touriste neutre du fait que;au point que;ANNULE;1;1
2;2023-12-16T07:22:51;2023-12-15T22:33:31;en guise de;au-dehors;dès au-devant;REFUSE;2;2
3;2023-12-15T19:44:03;2023-12-15T22:10:23;raide reporter tant que;drelin hebdomadaire;placide déboucher connaître;REPORTE;3;1
4;2023-12-15T13:43:42;2023-12-15T20:00:08;police;de crainte que;snif psitt dedans;DEMANDE;4;2
5;2023-12-15T12:03:21;2023-12-16T05:19:32;écouter longtemps membre à vie;raide;rose gémir dense;REFUSE;5;2
6;2023-12-15T16:28:36;2023-12-16T07:19:26;dessus;autour sans que prout;coin-coin à l'exception de;REFUSE;6;1
7;2023-12-15T22:54:40;2023-12-15T09:35:46;efficace dans fonctionnaire;étouffer;commissionnaire sus;REFUSE;7;1
8;2023-12-15T09:32:55;2023-12-16T04:39:10;sans;de peur que toc-toc enfermer;témoigner;TERMINE;8;1
9;2023-12-15T16:20:36;2023-12-15T16:43:35;à l'entour de succéder ci;puisque serviable;en plus de;DEMANDE;9;1
10;2023-12-16T02:45:27;2023-12-16T03:50:48;réchauffer diététiste sécher;dans la mesure où;alors que actionnaire;REFUSE;10;1
11;2023-12-15T15:00:41;2023-12-16T06:12:19;au-dehors;triathlète;éloigner;TERMINE;11;1
12;2023-12-15T12:53:50;2023-12-16T07:22:35;membre à vie bof que;dans la mesure où;gens tandis que;ACCEPTE;12;1
13;2023-12-16T00:49:54;2023-12-15T18:49:03;demander guide;auprès de asseoir;d'après triste hi;DEMANDE;13;1
14;2023-12-15T13:34:49;2023-12-15T14:15:50;sur innombrable;de façon à ce que hi dans la mesure où;hôte enfermer derechef;ACCEPTE;14;1
15;2023-12-15T18:40:46;2023-12-16T03:50:52;ouch à cause de gens;loin de certainement apparemment;mélancolique à bas de;REPORTE;15;2
16;2023-12-15T15:05:08;2023-12-16T03:39:11;sédentaire naître;épuiser concernant turquoise;sédentaire;REPORTE;16;1
17;2023-12-15T14:40:19;2023-12-15T15:43:20;diététiste;à raison de rédaction;splendide parlementaire;REFUSE;17;1
18;2023-12-16T02:26:35;2023-12-15T13:20:40;ouch là-haut mesurer;découvrir;déchiffrer;DEMANDE;18;1
19;2023-12-15T22:20:01;2023-12-15T19:38:17;à l'exception de planter à l'entour de;un peu;actionnaire;REPORTE;19;2
20;2023-12-16T08:11:33;2023-12-15T09:33:58;à travers rembourser;en dehors de;amorphe de façon à énergique;TERMINE;20;1
21;2023-12-15T22:43:51;2023-12-16T00:22:56;entre;magenta sédentaire parlementaire;avant que au lieu de;REPORTE;21;2
22;2023-12-16T01:07:15;2023-12-16T07:51:57;alors que parce que vu que;aigre zzzz équipe;extrêmement ouille;DEMANDE;22;1
23;2023-12-15T21:01:40;2023-12-15T23:42:25;équipe de recherche;demain pourvu que;amener;REPORTE;23;1
24;2023-12-15T13:42:41;2023-12-15T20:30:25;d’autant que sale;dès que;pourpre;ACCEPTE;24;1
25;2023-12-15T12:12:29;2023-12-15T15:24:38;vu que corner de sorte que;parlementaire;impressionner;DEMANDE;25;1
26;2023-12-15T10:13:31;2023-12-16T08:18:21;remplacer a dans;dater hé;impromptu honorer;TERMINE;26;2
27;2023-12-16T06:13:53;2023-12-15T13:29:36;émouvoir tic-tac bang;de de manière à ce que;à partir de régler;REFUSE;27;2
28;2023-12-16T07:05:37;2023-12-15T23:25:24;exposer;avex vorace de sorte que;rapprocher afin que assez;ACCEPTE;28;2
29;2023-12-15T21:17:49;2023-12-15T21:09:49;euh contre tant;effrayer hebdomadaire;direction agir au prix de;ANNULE;29;2
30;2023-12-16T04:16:52;2023-12-16T02:24:35;aussitôt que lectorat;quand pin-pon rectangulaire;fondre;TERMINE;30;2
